primary_impression_group,not_unsafe_under_80,caution_80_89,extreme_caution_90_102,danger_103_124
Cardiac Arrest,5.303867403314917,5.154362416107382,4.712765957446808,2.9444444444444446
COPD (Emphysema/Chronic Bronchitis),5.614035087719298,4.923076923076923,5.091954022988506,3.3125
Dehydration,41.73913043478261,17.86046511627907,7.145161290322581,2.2083333333333335
Dizziness / Vertigo,6.233766233766234,3.8984771573604062,3.6611570247933884,2.9444444444444446
Hypertension,15.238095238095237,11.636363636363637,8.358490566037736,5.888888888888889
Respiratory Distress,3.3449477351916377,3.3684210526315788,2.5170454545454546,2.789473684210526
Stroke/CVA,12.151898734177216,9.035294117647059,6.152777777777778,7.571428571428571
Unconscious,8.97196261682243,5.408450704225352,6.068493150684931,4.076923076923077
