rowname,temp_median_aft
kidney_disease_prev,-0.0436443427296295
copd_prev,0.6729483771817674
asthma_prev,0.5587236011392374
heart_attack_prev,0.13809536515031298
congestive_artery_disease_prev,-0.024771689528214853
angina_pectoris_prev,0.34568489639997524
heart_disease_prev,-0.18692843231242198
diabetes_prev,0.0368120272470218
