rowname,temp_median_aft
kidney_disease_prev,-0.3732494633971911
copd_prev,0.570299427583079
asthma_prev,0.4886584713354521
heart_attack_prev,-0.19843464971483193
congestive_artery_disease_prev,-0.12457064253755483
angina_pectoris_prev,-0.38796011188248203
heart_disease_prev,-0.3687624223619644
diabetes_prev,-0.03195895740331657
