variable,lid_change_percent,lid_change_percent_point
07_lid_mean,-0.4434767379613949,-0.12812363099104584
15_lid_mean,-0.40247630895275927,-0.07625303601694201
