variable,09-127_mean,09-63_mean,17-127_mean,17-63_mean,07_lid_mean,15_lid_mean
change_percent_127,-0.055738604005372006,-0.006715637938767211,0.21502231126786514,0.20052080263376967,0.15911913436389447,0.16183246015284117
change_percent_point_127,0.4051987194206281,0.49449206010099245,0.7018427672120091,0.6844913410953681,0.6435878452551143,0.6481854496262316
change_percent_63,0.31469896058343955,0.3494291287688014,0.5322361131568542,0.5696606168322872,0.5117137145492272,0.5041778196782613
change_percent_point_63,0.47027299925645893,0.5317031277554441,0.71602617435293,0.7446097302312951,0.6856918587863743,0.6819839764572455
lid_change_percent,-0.5569766034244397,-0.5620798476216837,-0.49751339962851265,-0.5439893769463435,-0.5583497101014105,-0.5291975137627154
lid_change_percent_point,-0.21726309939078925,-0.20331328146262875,-0.19122556169282448,-0.23914399593428184,-0.261285837363301,-0.2169120328175758
