variable,09-63_mean,09-127_mean,17-63_mean,17-127_mean,07_lid_mean,15_lid_mean
change_percent_127,-0.062236386648270366,-0.08724937954081745,-0.01366712552161594,-0.009388888141620089,-0.0256317269544306,-0.02004474830378812
change_percent_point_127,0.03076589807721331,-0.11299884126366164,0.41423394403023434,0.4346741865618708,0.2621193085335644,0.313558023765599
change_percent_63,-0.09676129405534746,-0.07695815618149797,-0.0384833231432586,-0.0371821932639975,-0.05425647077386197,-0.04789813216722819
change_percent_point_63,-4.4658366987359964e-4,-0.019221683429220184,0.4742923567055008,0.42062723953765424,0.2884852440001994,0.3330451666186306
lid_change_percent,NaN,NaN,NaN,NaN,NaN,NaN
lid_change_percent_point,-0.029999124485221226,-0.0360479844007349,0.06910380509115172,0.0928957334951676,-0.12827473295038463,0.08600303277560425
